<?xml version="1.0" encoding="UTF-8"?>
<project-private xmlns="http://www.netbeans.org/ns/project-private/1">
    <editor-bookmarks xmlns="http://www.netbeans.org/ns/editor-bookmarks/2" lastBookmarkId="0"/>
    <open-files xmlns="http://www.netbeans.org/ns/projectui-open-files/2">
        <group>
            <file>file:/C:/Users/gabrielLiendo/Documents/unimet/%5BGraphs%5D-wordSearch/proyecto-gustavo/proyecto1/src/proyecto1/Proyecto1.java</file>
            <file>file:/C:/Users/gabrielLiendo/Documents/unimet/%5BGraphs%5D-wordSearch/proyecto-gustavo/proyecto1/src/proyecto1/Graph.java</file>
            <file>file:/C:/Users/gabrielLiendo/Documents/unimet/%5BGraphs%5D-wordSearch/proyecto-gustavo/proyecto1/src/proyecto1/Node.java</file>
            <file>file:/C:/Users/gabrielLiendo/Documents/unimet/%5BGraphs%5D-wordSearch/proyecto-gustavo/proyecto1/src/proyecto1/Letter.java</file>
            <file>file:/C:/Users/gabrielLiendo/Documents/unimet/%5BGraphs%5D-wordSearch/proyecto-gustavo/proyecto1/src/proyecto1/LinkedList.java</file>
        </group>
    </open-files>
</project-private>
